{
  "university_enrollments": {
    "encoding_map": {
      "Eastern University - Trincomalee Campus": 85.89473684210526,
      "Eastern University, Sri Lanka": 131.42105263157896,
      "Rajarata University of Sri Lanka": 100.52631578947368,
      "Sabaragamuwa University of Sri Lanka": 83.87368421052632,
      "South Eastern University of Sri Lanka": 106.78947368421052,
      "University of Colombo": 128.97368421052633,
      "University of Jaffna": 140.78947368421052,
      "University of Kelaniya": 92.02255639097744,
      "University of Moratuwa": 148.45864661654136,
      "University of Peradeniya": 273.63157894736844,
      "University of Ruhuna": 168.90526315789472,
      "University of Sri Jayewardenepura": 90.75187969924812,
      "University of Vavuniya, Sri Lanka": 103.57894736842105,
      "Uva Wellassa University of Sri Lanka": 73.84210526315789,
      "Wayamba University of Sri Lanka": 173.3684210526316
    },
    "global_mean": 118.81902123730379,
    "min_samples_leaf": 10
  },
  "university_applications": {
    "encoding_map": {
      "Eastern University - Trincomalee Campus": 31.108421052631577,
      "Eastern University, Sri Lanka": 48.72421052631579,
      "Rajarata University of Sri Lanka": 35.99368421052632,
      "Sabaragamuwa University of Sri Lanka": 29.501052631578947,
      "South Eastern University of Sri Lanka": 38.42666666666667,
      "University of Colombo": 45.264736842105265,
      "University of Jaffna": 51.17263157894737,
      "University of Kelaniya": 33.20511278195489,
      "University of Moratuwa": 39.75007518796993,
      "University of Peradeniya": 93.88631578947368,
      "University of Ruhuna": 57.688842105263156,
      "University of Sri Jayewardenepura": 31.946766917293232,
      "University of Vavuniya, Sri Lanka": 36.41754385964912,
      "Uva Wellassa University of Sri Lanka": 25.66842105263158,
      "Wayamba University of Sri Lanka": 63.892631578947366
    },
    "global_mean": 40.39708217913204,
    "min_samples_leaf": 10
  },
  "course_name_enrollments": {
    "encoding_map": {
      "APPLIED SCIENCES": 105.6421052631579,
      "ARTIFICIAL INTELLIGENCE": 37.8421052631579,
      "COMPUTER SCIENCE": 79.84210526315789,
      "COMPUTER SCIENCE & TECHNOLOGY": 76.63157894736842,
      "DATA SCIENCE": 42.21052631578947,
      "ELECTRONICS AND COMPUTER SCIENCE": 60.578947368421055,
      "ENGINEERING": 270.50877192982455,
      "ENGINEERING (EM)": 55.05263157894737,
      "ENGINEERING (TM)": 73.52631578947368,
      "FINANCIAL MATHEMATICS AND INDUSTRIAL STATISTICS": 55.578947368421055,
      "INDUSTRIAL INFORMATION TECHNOLOGY": 72.05263157894737,
      "INFORMATION AND COMMUNICATION TECHNOLOGY": 107.07894736842105,
      "INFORMATION COMMUNICATION TECHNOLOGY": 80.9407894736842,
      "INFORMATION SYSTEMS": 82.9298245614035,
      "INFORMATION TECHNOLOGY & MANAGEMENT": 86.10526315789474,
      "INFORMATION TECHNOLOGY (IT)": 165.47368421052633,
      "MANAGEMENT AND INFORMATION TECHNOLOGY": 81.0,
      "PHYSICAL SCIENCE": 208.8684210526316,
      "PHYSICAL SCIENCE -ICT": 56.578947368421055,
      "QUANTITY SURVEYING": 99.21052631578948,
      "SCIENCE AND TECHNOLOGY": 80.47368421052632,
      "SOFTWARE ENGINEERING": 45.89473684210526,
      "SURVEYING SCIENCE": 124.36842105263158
    },
    "global_mean": 118.81902123730379,
    "min_samples_leaf": 10
  },
  "course_name_applications": {
    "encoding_map": {
      "APPLIED SCIENCES": 38.177684210526316,
      "ARTIFICIAL INTELLIGENCE": 13.067368421052631,
      "COMPUTER SCIENCE": 30.55894736842105,
      "COMPUTER SCIENCE & TECHNOLOGY": 26.09894736842105,
      "DATA SCIENCE": 15.701052631578948,
      "ELECTRONICS AND COMPUTER SCIENCE": 20.65684210526316,
      "ENGINEERING": 77.99333333333334,
      "ENGINEERING (EM)": 20.037894736842105,
      "ENGINEERING (TM)": 25.065263157894737,
      "FINANCIAL MATHEMATICS AND INDUSTRIAL STATISTICS": 18.981052631578947,
      "INDUSTRIAL INFORMATION TECHNOLOGY": 25.187368421052632,
      "INFORMATION AND COMMUNICATION TECHNOLOGY": 36.74,
      "INFORMATION COMMUNICATION TECHNOLOGY": 28.565526315789473,
      "INFORMATION SYSTEMS": 29.498947368421053,
      "INFORMATION TECHNOLOGY & MANAGEMENT": 31.49684210526316,
      "INFORMATION TECHNOLOGY (IT)": 64.21052631578948,
      "MANAGEMENT AND INFORMATION TECHNOLOGY": 29.277894736842104,
      "PHYSICAL SCIENCE": 73.34763157894737,
      "PHYSICAL SCIENCE -ICT": 19.786315789473683,
      "QUANTITY SURVEYING": 36.461052631578944,
      "SCIENCE AND TECHNOLOGY": 27.41894736842105,
      "SOFTWARE ENGINEERING": 15.879298245614034,
      "SURVEYING SCIENCE": 42.27789473684211
    },
    "global_mean": 40.39708217913204,
    "min_samples_leaf": 10
  }
}